{
    "train": {
        "accuracy": 0.8130434782608695,
        "precision": 0.7777777777777778,
        "recall": 0.6746987951807228,
        "f1_score": 0.7225806451612903,
        "confusion_matrix": [
            [
                262,
                32
            ],
            [
                54,
                112
            ]
        ],
        "roc_auc": 0.8690476190476191,
        "fpr": [
            0.0,
            0.003401360544217687,
            0.003401360544217687,
            0.006802721088435374,
            0.006802721088435374,
            0.01020408163265306,
            0.01020408163265306,
            0.013605442176870748,
            0.013605442176870748,
            0.017006802721088437,
            0.017006802721088437,
            0.02040816326530612,
            0.02040816326530612,
            0.023809523809523808,
            0.023809523809523808,
            0.027210884353741496,
            0.027210884353741496,
            0.030612244897959183,
            0.030612244897959183,
            0.034013605442176874,
            0.034013605442176874,
            0.03741496598639456,
            0.03741496598639456,
            0.04081632653061224,
            0.04081632653061224,
            0.04421768707482993,
            0.04421768707482993,
            0.047619047619047616,
            0.047619047619047616,
            0.05102040816326531,
            0.05102040816326531,
            0.05442176870748299,
            0.05442176870748299,
            0.05782312925170068,
            0.05782312925170068,
            0.061224489795918366,
            0.061224489795918366,
            0.06462585034013606,
            0.06462585034013606,
            0.06802721088435375,
            0.06802721088435375,
            0.07142857142857142,
            0.07142857142857142,
            0.07482993197278912,
            0.07482993197278912,
            0.0782312925170068,
            0.0782312925170068,
            0.08843537414965986,
            0.08843537414965986,
            0.09183673469387756,
            0.09183673469387756,
            0.09523809523809523,
            0.09523809523809523,
            0.10204081632653061,
            0.10204081632653061,
            0.1054421768707483,
            0.1054421768707483,
            0.10884353741496598,
            0.10884353741496598,
            0.11224489795918367,
            0.11224489795918367,
            0.11564625850340136,
            0.11564625850340136,
            0.12244897959183673,
            0.12244897959183673,
            0.12585034013605442,
            0.12585034013605442,
            0.1292517006802721,
            0.1292517006802721,
            0.1326530612244898,
            0.1326530612244898,
            0.13945578231292516,
            0.13945578231292516,
            0.14965986394557823,
            0.14965986394557823,
            0.1564625850340136,
            0.1564625850340136,
            0.17006802721088435,
            0.17006802721088435,
            0.18027210884353742,
            0.18027210884353742,
            0.20068027210884354,
            0.20068027210884354,
            0.20408163265306123,
            0.20408163265306123,
            0.2108843537414966,
            0.2108843537414966,
            0.21428571428571427,
            0.21428571428571427,
            0.22448979591836735,
            0.22448979591836735,
            0.22789115646258504,
            0.22789115646258504,
            0.23469387755102042,
            0.23469387755102042,
            0.24829931972789115,
            0.24829931972789115,
            0.2619047619047619,
            0.2619047619047619,
            0.2755102040816326,
            0.2755102040816326,
            0.2925170068027211,
            0.2925170068027211,
            0.3197278911564626,
            0.3197278911564626,
            0.3231292517006803,
            0.3231292517006803,
            0.40816326530612246,
            0.40816326530612246,
            0.41496598639455784,
            0.41496598639455784,
            0.41836734693877553,
            0.41836734693877553,
            0.445578231292517,
            0.445578231292517,
            0.46258503401360546,
            0.46258503401360546,
            0.47619047619047616,
            0.47619047619047616,
            0.5476190476190477,
            0.5476190476190477,
            0.5544217687074829,
            0.5544217687074829,
            0.5612244897959183,
            0.5612244897959183,
            0.608843537414966,
            0.608843537414966,
            0.6190476190476191,
            0.6190476190476191,
            0.6258503401360545,
            0.6258503401360545,
            0.6496598639455783,
            0.6496598639455783,
            0.7074829931972789,
            0.7074829931972789,
            0.7891156462585034,
            0.7891156462585034,
            0.9829931972789115,
            0.9829931972789115,
            1.0
        ],